[
    {
        "id": 1,
        "homeTeam": "Team A",
        "awayTeam": "Team B",
        "date": "2023-10-15T15:00:00Z",
        "stadium": "Stadium A",
        "league": "Premier League"
    },
    {
        "id": 2,
        "homeTeam": "Team C",
        "awayTeam": "Team D",
        "date": "2023-10-16T17:00:00Z",
        "stadium": "Stadium B",
        "league": "La Liga"
    },
    {
        "id": 3,
        "homeTeam": "Team E",
        "awayTeam": "Team F",
        "date": "2023-10-17T19:00:00Z",
        "stadium": "Stadium C",
        "league": "Bundesliga"
    },
    {
        "id": 4,
        "homeTeam": "Team G",
        "awayTeam": "Team H",
        "date": "2023-10-18T20:00:00Z",
        "stadium": "Stadium D",
        "league": "Serie A"
    }
]