[
    {
        "id": 1,
        "name": "Manchester United",
        "logo": "assets/logos/manchester_united.png",
        "stadium": "Old Trafford",
        "founded": 1878,
        "country": "England"
    },
    {
        "id": 2,
        "name": "Liverpool",
        "logo": "assets/logos/liverpool.png",
        "stadium": "Anfield",
        "founded": 1892,
        "country": "England"
    },
    {
        "id": 3,
        "name": "Chelsea",
        "logo": "assets/logos/chelsea.png",
        "stadium": "Stamford Bridge",
        "founded": 1905,
        "country": "England"
    },
    {
        "id": 4,
        "name": "Barcelona",
        "logo": "assets/logos/barcelona.png",
        "stadium": "Camp Nou",
        "founded": 1899,
        "country": "Spain"
    },
    {
        "id": 5,
        "name": "Real Madrid",
        "logo": "assets/logos/real_madrid.png",
        "stadium": "Santiago Bernabéu",
        "founded": 1902,
        "country": "Spain"
    },
    {
        "id": 6,
        "name": "Bayern Munich",
        "logo": "assets/logos/bayern_munich.png",
        "stadium": "Allianz Arena",
        "founded": 1900,
        "country": "Germany"
    },
    {
        "id": 7,
        "name": "Paris Saint-Germain",
        "logo": "assets/logos/psg.png",
        "stadium": "Parc des Princes",
        "founded": 1970,
        "country": "France"
    },
    {
        "id": 8,
        "name": "Juventus",
        "logo": "assets/logos/juventus.png",
        "stadium": "Allianz Stadium",
        "founded": 1897,
        "country": "Italy"
    }
]